Sr. No.,Order Date,Order Number,Email ID,Payment Status,Product Type,Product Category,Subtotal,Tax Value,Shipping Charge,Grand Total,Paid,Outstanding,Currency,Partner Name,Partner Cert ID,Partner SAP ID,Partner Type,Sales Rep. Name,Sales Rep. Emp Code,Entity,Division Name,Division Code,upto 30 Days,31-60 Days,61-90 Days,91-120 Days,121-150 Days,151-180 Days,181-365 Days,365 Above
1,2026-07-14T10:56:20Z,#1584,anandprakash.prasad@eccouncil.org,PARTIALLY_PAID,iLabs,CCT,224.0,15.68,0.0,239.68,200.68,39.0,USD,Anand's Company,Y6K2A7T9PXLM,470918632155,ATC,"Anna Sanders
",Z9Q4N6T,ICEC,Channel US,017,239.68,0,0,0,0,0,0,0
2,2026-07-10T06:18:11Z,#1568,gargeepawarecc@gmail.com,PARTIALLY_PAID,,,2199.0,175.92,0.0,2374.92,374.92,2000.0,USD,Order Cap Test,P6Q9M2K7AXTW,491726835607,,,,ICEC,,,2374.92,0,0,0,0,0,0,0
3,2026-06-29T11:47:44Z,#1549,eccouncilwork@gmail.com,PENDING,,,432.86,51.94,0.0,484.8,0.0,484.8,CAD,Moxiiii QA Tax Exe,T2Q6L9M5APRX,436290815743,Academia,,,ECCC,Academia US,016,484.8,0,0,0,0,0,0,0
4,2026-06-17T07:47:20Z,#1484,,PENDING,ECC EV,ACCISO,150.0,0.0,0.0,150.0,0.0,150.0,USD,,,,,,,,,,0,150.0,0,0,0,0,0,0
5,2026-06-05T12:24:36Z,#1446,radicalnaksha@gmail.com,PENDING,DRM W/PU EV + Lab + Practice range,CPENT,449.0,0.0,0.0,554.0,0.0,554.0,USD,KETAN UNIVERSITY,F3SAP8Q2W7KN,692385741908,Academia,,,ICEC,Academia US,016,0,554.0,0,0,0,0,0,0
6,2026-05-08T11:13:24Z,#1372,gargeepawar@gmail.com,PENDING,DRM W/PU EV + iLabs,CDE,638.0,0.0,0.0,638.0,0.0,638.0,USD,Sample Company,SAP7A92KX4M1,784592316048,,"Sameer Singh
",1634A,,,,0,0,638.0,0,0,0,0,0
7,2026-05-08T09:18:14Z,#1371,gargeepawar@gmail.com,PENDING,,,2199.0,0.0,0.0,2199.0,0.0,2199.0,USD,Sample Company,SAP7A92KX4M1,784592316048,Academia,"Sameer Singh
",1634A,,,,0,0,2199.0,0,0,0,0,0
8,2026-05-08T09:16:56Z,#1370,gargeepawar@gmail.com,PENDING,,,2199.0,0.0,0.0,2199.0,0.0,2199.0,USD,Sample Company,SAP7A92KX4M1,784592316048,,"Sameer Singh
",1634A,,,,0,0,2199.0,0,0,0,0,0
9,2026-05-07T11:37:12Z,#1369,moxi.patel.ctr@eccouncil.org,PENDING,DRM W/PU EV + Lab + Practice range,CPENT,2100.0,0.0,0.0,2100.0,0.0,2100.0,USD,Sample Company,SAP7A92KX4M1,784592316048,ATC,"Hello World
",BANN6645,,,,0,0,2100.0,0,0,0,0,0
10,2026-05-05T10:29:43Z,#1355,gargeepawar@gmail.com,PARTIALLY_PAID,DRM W/PU EV + iLabs + iVideo,CSCU,11091.0,0.0,0.0,11091.0,10091.0,1000.0,USD,Sample Company,SAP7A92KX4M1,784592316048,Academia,"Sameer Singh
",1634A,,,,0,0,11091.0,0,0,0,0,0
11,2026-04-28T10:58:41Z,#1342,kroy.gerber@dropons.com,PENDING,,,398.0,0.0,0.0,398.0,0.0,398.0,USD,Sample Company,SAP7A92KX4M1,784592316048,ATC,"Hello World
",BANN6645,,,,0,0,0,398.0,0,0,0,0
12,2026-04-28T10:25:20Z,#1341,kroy.gerber@dropons.com,PENDING,,,199.0,0.0,0.0,199.0,0.0,199.0,USD,Sample Company,SAP7A92KX4M1,784592316048,ATC,"Hello World
",BANN6645,,,,0,0,0,199.0,0,0,0,0
13,2026-04-27T13:13:20Z,#1338,radicalnaksha@gmail.com,PENDING,CQ iLabs,CSE,15398.0,0.0,0.0,15398.0,0.0,15398.0,USD,KETAN UNIVERSITY,F3SAP8Q2W7KN,692385741908,Academia,,,,,,0,0,0,15398.0,0,0,0,0
14,2026-04-22T13:41:14Z,#1332,Ketan.thakar@eccouncil.org,PENDING,DRM + iLabs,CEH,704.0,0.0,0.0,704.0,0.0,704.0,USD,Finance Test1,Q8L2SAP91XZT,195837462701,,,,,,,0,0,0,704.0,0,0,0,0
15,2026-04-17T13:12:44Z,#1330,eccouncilwork@gmail.com,PARTIALLY_PAID,DRM W/PU EV + Lab + Practice range,CPENT,1647.0,0.0,0.0,1647.0,1000.0,647.0,USD,Sample Company,SAP7A92KX4M1,784592316048,ATC,"Hello World
",BANN6645,,,,0,0,0,1647.0,0,0,0,0
16,2026-04-16T14:39:49Z,#1323,merebappu1@gmail.com,PENDING,,,398.0,0.0,0.0,398.0,0.0,398.0,USD,META IT PVT ltd,C8X2Q5SAP7LM,736095214887,,,,,,,0,0,0,398.0,0,0,0,0
17,2026-04-16T14:23:55Z,#1322,finance@eccouncil.org,PENDING,DRM W/PU EV + iLabs + iVideo,CSCU,497.0,0.0,0.0,497.0,0.0,497.0,USD,Finance test ketan,M4P8R1K2WQ9A,603918475226,,,,,,,0,0,0,497.0,0,0,0,0
18,2026-04-08T06:48:45Z,#1314,anandprakash.prasad@eccouncill.org,PENDING,,,398.0,0.0,0.0,398.0,0.0,398.0,USD,Sample Company,SAP7A92KX4M1,784592316048,ATC,"Hello World
",BANN6645,,,,0,0,0,398.0,0,0,0,0
19,2026-04-07T11:22:30Z,#1310,anandprakash.prasad@eccouncill.org,PENDING,,,199.0,0.0,0.0,199.0,0.0,199.0,USD,Sample Company,SAP7A92KX4M1,784592316048,,"Hello World
",BANN6645,,,,0,0,0,199.0,0,0,0,0
20,2026-04-07T11:10:15Z,#1309,anandprakash.prasad@eccouncill.org,PENDING,,,199.0,0.0,0.0,199.0,0.0,199.0,USD,Sample Company,SAP7A92KX4M1,784592316048,,"Hello World
",BANN6645,,,,0,0,0,199.0,0,0,0,0
21,2026-04-03T07:12:43Z,#1282,kamen.ericsson@dropons.com,PENDING,DRM + iLabs,CEH,7500.0,525.0,0.0,8025.0,0.0,8025.0,USD,Sample Company,SAP7A92KX4M1,784592316048,,,DXTHOCKENS,,,,0,0,0,8025.0,0,0,0,0
22,2026-03-27T06:00:01Z,#1266,gargeepawarecc@gmail.com,PENDING,DRM + iLabs,CCSE,199.0,0.0,0.0,199.0,0.0,199.0,USD,,,,,,,,,,0,0,0,0,199.0,0,0,0
23,2026-03-26T12:18:34Z,#1264,kudifedy@forexzig.com,PENDING,DRM W/PU EV + iLabs,CEH,2316.0,0.0,0.0,2316.0,0.0,2316.0,USD,Sandhya Test company finance,SAP5Y8L2N4XC,569132784025,,,,,,,0,0,0,0,2316.0,0,0,0
24,2026-03-26T06:35:36Z,#1260,gargeepawarecc@gmail.com,PENDING,,,1352.0,120.0,0.0,1472.0,0.0,1472.0,USD,Tata Sonic,SAP2M7L8X4ZW,529801467312,,,,,,,0,0,0,0,1472.0,0,0,0
25,2026-03-18T12:35:50Z,#1225,anandprakash.prasad@eccouncill.org,PENDING,iLabs,CDE,1480.0,0.0,0.0,1480.0,0.0,1480.0,USD,TAX EXAMPT TEST,X9C2N7B5SAP4,842761950314,,"Suraj Mistri
",#0001,,,,0,0,0,0,1480.0,0,0,0
26,2026-03-18T10:09:36Z,#1214,ravivijay0060@gmail.com,PENDING,CQ iLabs,ISE,1133.92,0.0,0.0,1133.92,0.0,1133.92,USD,Sandhya Test company finance,SAP5Y8L2N4XC,569132784025,,,,,,,0,0,0,0,1133.92,0,0,0
27,2026-03-17T09:22:08Z,#1198,eccouncilwork@gmail.com,PENDING,,,201400.0,18126.0,0.0,219526.0,0.0,219526.0,USD,Sample Company,SAP7A92KX4M1,784592316048,,"Hello World
",BANN6645,,,,0,0,0,0,219526.0,0,0,0
28,2026-03-16T12:39:43Z,#1196,ravivijay0060@gmail.com,PENDING,Lab,CHFI,3758.0,272.48,0.0,4030.48,0.0,4030.48,USD,Sandhya Test company finance,SAP5Y8L2N4XC,569132784025,,,,,,,0,0,0,0,4030.48,0,0,0
29,2026-03-13T15:36:05Z,#1192,anandprakash.prasad@eccouncill.org,PENDING,DRM + iLabs,CEH,404.0,0.0,0.0,404.0,0.0,404.0,USD,TAX EXAMPT TEST,X9C2N7B5SAP4,842761950314,,"Suraj Mistri
",#0001,,,,0,0,0,0,404.0,0,0,0
30,2026-03-11T11:44:52Z,#1176,mevucepi@forexzig.com,PENDING,DRM W/ECC EV + iLabs,CCT,279.0,0.0,0.0,279.0,0.0,279.0,USD,Test 2,Z1R8SAP6W4TN,958214637180,,,,,,,0,0,0,0,279.0,0,0,0
31,2026-03-09T10:45:38Z,#1162,gargeepawarecc@gmail.com,PENDING,DRM + iLabs,CEH,125.0,8.75,0.0,133.75,0.0,133.75,USD,Finance Test1,Q8L2SAP91XZT,195837462701,,,,,,,0,0,0,0,133.75,0,0,0
32,2026-02-25T11:22:47Z,#1143,aditya.gothwad@eccouncil.org,PENDING,DRM W/ECC EV + iLabs,CCT,558.0,0.0,0.0,558.0,0.0,558.0,USD,Sample Company,SAP7A92KX4M1,784592316048,,,DXTHOCKENS,,,,0,0,0,0,0,558.0,0,0
33,2026-02-19T12:59:20Z,#1122,Ketan.thakar@eccouncil.org,PENDING,DRM + iLabs,CCT,228.0,0.0,0.0,228.0,0.0,228.0,USD,Finance Test1,Q8L2SAP91XZT,195837462701,,,,,,,0,0,0,0,0,228.0,0,0
34,2026-02-17T14:48:24Z,#1118,Ketan.thakar@eccouncil.org,PENDING,DRM W/PU EV + iLabs,CDE,1496.0,0.0,0.0,1496.0,0.0,1496.0,USD,Finance Test1,Q8L2SAP91XZT,195837462701,,,,,,,0,0,0,0,0,1496.0,0,0
